{"cameraMode":{"drawMode":0,"name":"Shaded","section":"Shading Mode"},"sceneLighting":true,"audioPlay":false,"sceneViewState":{"showFog":true,"showMaterialUpdate":false,"showSkybox":true,"showFlares":true,"showImageEffects":true,"showParticleSystems":true},"in2DMode":false,"pivot":{"x":1.893176794052124,"y":-7.288172245025635,"z":7.688158988952637},"rotation":{"x":0.45916515588760378,"y":0.36988335847854617,"z":-0.21843212842941285,"w":0.7776137590408325},"size":27.664154052734376,"orthographic":false}